{
  "mean_iou": 0.28432101011276245,
  "rmse": 0.22375082969665527,
  "mae": 0.17687128484249115,
  "model": "Ablation (Frozen + Head)"
}