{
  "mean_iou": 0.09713008254766464,
  "rmse": 0.28760525584220886,
  "mae": 0.2381327599287033,
  "parse_success_rate": 1.0,
  "model": "baseline"
}