{
  "mean_iou": 0.38610127568244934,
  "rmse": 0.17191162705421448,
  "mae": 0.1194143071770668,
  "model": "Main (LoRA + Head)"
}